{
    "test_add": {
        "icon_path": "C:\\Users/Tran/Documents/maya/2024/scripts\\mayaPysideProject_661310322\\icons\\icons_curves\\test_add.png",
        "degree": 3,
        "form": 1,
        "knots": [
            0.0,
            0.0,
            0.0,
            1.0,
            2.0,
            3.0,
            4.0,
            5.0,
            5.0,
            5.0
        ],
        "cvs": [
            [
                -3.353056550437042,
                0.0,
                3.620011514552933
            ],
            [
                -3.6028840608596493,
                0.0,
                -1.5763108164959785
            ],
            [
                -4.102539081704839,
                0.0,
                -11.968955478593742
            ],
            [
                11.59131240746663,
                0.0,
                9.776502969543788
            ],
            [
                -16.47833009869573,
                0.0,
                -2.6351231802526955
            ],
            [
                12.362983465691562,
                0.0,
                -6.766412055306164
            ],
            [
                1.9216588425730186,
                0.0,
                0.27691577664298794
            ],
            [
                -3.2990034689862484,
                0.0,
                3.798579692617562
            ]
        ]
    }
}