{
    "back2_jnt_ctrl1": {
        "degree": 3,
        "spans": 8,
        "form": 3,
        "cvs": [
            [
                21.30176553933256,
                17.255815203653274,
                17.728906526041968
            ],
            [
                22.085377164223786,
                17.264022929747643,
                18.053385297639352
            ],
            [
                22.86898878911501,
                17.255815203653274,
                17.728906526041968
            ],
            [
                23.193571351778175,
                17.236,
                16.945545474949405
            ],
            [
                22.86898878911501,
                17.216184796346727,
                16.162184423856843
            ],
            [
                22.085377164223786,
                17.20797707025236,
                15.83770565225946
            ],
            [
                21.30176553933256,
                17.216184796346727,
                16.162184423856843
            ],
            [
                20.977182976669397,
                17.236,
                16.945545474949405
            ],
            [
                21.30176553933256,
                17.255815203653274,
                17.728906526041968
            ],
            [
                22.085377164223786,
                17.264022929747643,
                18.053385297639352
            ],
            [
                22.86898878911501,
                17.255815203653274,
                17.728906526041968
            ]
        ],
        "knots": [
            -2.0,
            -1.0,
            0.0,
            1.0,
            2.0,
            3.0,
            4.0,
            5.0,
            6.0,
            7.0,
            8.0,
            9.0,
            10.0
        ]
    }
}